{
    "head": {
        "path": "head.png",
        "pivot": [
            0.518705108601065,
            1.2225012979498198
        ],
        "end": [
            0.47282162224575464,
            0.42443998874876165
        ],
        "default_size": [
            135,
            260
        ],
        "z_index": 3
    },
    "torso": {
        "path": "torso.png",
        "pivot": [
            0.505930292354371,
            0.18477934282896788
        ],
        "end": [
            0.5055907071266141,
            0.9291106349692208
        ],
        "default_size": [
            290,
            750
        ],
        "z_index": 2
    },
    "upper_arm": {
        "path": "upper_arm.png",
        "pivot": [
            0.7343383434653464,
            0.1384896467418667
        ],
        "end": [
            0.4409483818750413,
            0.8933993788777636
        ],
        "default_size": [
            80,
            420
        ],
        "z_index": 4
    },
    "lower_arm": {
        "path": "lower_arm.png",
        "pivot": [
            0.444990846965662,
            0.047190426856446394
        ],
        "end": [
            0.41064838344459964,
            0.6007515438317206
        ],
        "default_size": [
            95,
            425
        ],
        "z_index": 4
    },
    "upper_leg": {
        "path": "upper_leg.png",
        "pivot": [
            0.5272957403298861,
            0.2184064382969359
        ],
        "end": [
            0.508162432404857,
            0.9372926798852724
        ],
        "default_size": [
            125,
            550
        ],
        "z_index": 1
    },
    "lower_leg": {
        "path": "lower_leg.png",
        "pivot": [
            0.5,
            0.15
        ],
        "end": [
            0.5,
            0.92
        ],
        "default_size": [
            95,
            520
        ],
        "z_index": 1
    }
}